mlp, rfc, best, best_score
0.803660565724,0.780366056572,mlp,0.803660565724
