mlp, rfc, best, best_score
0.00833055648117,0.126291236255,rfc,0.126291236255
