mlp, rfc, best, best_score
0.112629123625,0.0749750083306,mlp,0.112629123625
