mlp, rfc, best, best_score
0.121626124625,0.0646451182939,mlp,0.121626124625
