mlp, rfc, best, best_score
0.0163278907031,0.122292569144,rfc,0.122292569144
