mlp, rfc, best, best_score
0.0249916694435,0.125624791736,rfc,0.125624791736
