mlp, rfc, best, best_score
0.0519826724425,0.138953682106,rfc,0.138953682106
