mlp, rfc, best, best_score
0.0576474508497,0.104965011663,rfc,0.104965011663
