mlp, rfc, best, best_score
0.0813062312562,0.104631789404,rfc,0.104631789404
