mlp, rfc, best, best_score
0.106631122959,0.0923025658114,mlp,0.106631122959
