mlp, rfc, best, best_score
0.105298233922,0.0876374541819,mlp,0.105298233922
