mlp, rfc, best, best_score
0.122959013662,0.0883038987004,mlp,0.122959013662
