mlp, rfc, best, best_score
0.123625458181,0.0856381206265,mlp,0.123625458181
