mlp, rfc, best, best_score
0.139953348884,0.0793068977008,mlp,0.139953348884
