mlp, rfc, best, best_score
0.44037308461,0.177215189873,mlp,0.44037308461
