mlp, rfc, best, best_score
0.252582472509,0.183272242586,mlp,0.252582472509
