mlp, rfc, best, best_score
0.643570952698,0.493004663558,mlp,0.643570952698
